index,Name,Movie Word Count,Movie Characters Count,Link,Year,Director,Studio,Running Time,ProducedBy,WrittenBy,ScreenplayBy,StoryBy,Starring,MusicBy,Cinematography,EditedBy,DistributedBy,ReleaseDate,Release Day,BoxOffice
0,Devakottai Kadhal,2,17,,2019,A. R. Kashim,Abbas Movie Line,,,,,,,,,,,,,
1,Maanik,2,6,https://en.wikipedia.org/wiki/Maanik,2019,Martyn,Mohita Cine Talkies,0, M. Subramaniyan,0,0,0," Ma Ka Pa Anand
Suza Kumar", Dharan Kumar, Mahesh Muthuswami, K M Riyaz,0,04-Jan-19,6,0
2,Sigai,1,5,https://en.wikipedia.org/wiki/Sigai,2019,Jagadeesan Subu,0,102 minutes, NPKS.Logu," Jagadeesan subbu
M.K.Mani
Aravindhan",0,0," Kathir
Meera Nair
Raj Bharath
Riythvika
Mayilsamy", Ron Ethan Yohann, Navin Kumar, Anucharan, ZEE5,"
15 January 2017 (All Lights India International Film Festival)
9 January 2019 (India)",4,0
3,Petta,1,5,https://en.wikipedia.org/wiki/Petta_(film),2019,Karthik Subbaraj,Sun Pictures,172 minutes, Kalanithi Maran, Karthik Subbaraj,0,0," Rajinikanth
Simran
Vijay Sethupathi
Trisha
Nawazuddin Siddiqui
M. Sasikumar
Malavika Mohanan
Bobby Simha
Megha Akash", Anirudh Ravichander, Tirru, Vivek Harshan, Sun Pictures,10-Jan-19,5, ₹220–250 crore
4,Viswasam,1,8,https://en.wikipedia.org/wiki/Viswasam,2019,Siva,Sathya Jyothi Films,156 minutes," T. G. Thyagarajan
(Presenter)
Sendhil Thyagarajan
Arjun Thyagarajan"," Siva
K. Manikandan
Ra. Savarimuthu
Antony Bakyaraj
Chandran Pachaimuthu
(Dialogues)", Siva, Ajith Kumar," Ajith Kumar
Nayanthara", D. Imman, Vetri, Ruben," KJR Studios, Raja Mannar Films & Sakthi Film Factory",10-Jan-19,5, ₹160–200 crore
5,Charlie Chaplin 2,1,17,https://en.wikipedia.org/wiki/Charlie_Chaplin_2,2019,Sakthi Chidambaram,Amma Creations,0, T. Siva, Sakthi Chidambaram,0,0," Prabhu Deva
Prabhu
Nikki Galrani", Amresh Ganesh, Soundarrajan, G. Sasikumar,0,25-Jan-19,6,0
6,Kuthoosi,3,8,https://en.wikipedia.org/wiki/Kuthoosi,2019,Siva Sakthi,Sri Lakshmi Studios,135 minutes,0, Siva Sakthi,0,0," Dileepan
Amala Rose Kurian
Yogi Babu
Siva", N. Kannan,0,0,0,25-Jan-19,6,0
7,Simba,1,5,https://en.wikipedia.org/wiki/Simba_(2019_film),2019,Arvind Sridhar,"Magic Chair Films, Yasodha Films",131 minutes," K. Sivaneswaran
Vasu Arumugam", Arvind Sridhar,0,0," Bharath
Premji
Bhanu Sri Mehra
Swathi Deekshith
Ramana", Vishal Chandrasekhar, Sinu Siddharth, Achu Vijayan,0,25-Jan-19,6, 50 lakhs
8,Pei Ellam Paavam,1,16,,2019,Deepak Narayan,Tharakan Cinemas,,,,,,,,,,,,7,
9,Peranbu,3,7,https://en.wikipedia.org/wiki/Peranbu,2019,Ram,Shree Rajalakshmi Films,147 minutes, P. L. Thenappan, Ram,0,0,"
Mammootty
Sadhana
Anjali
Anjali Ameer", Yuvan Shankar Raja, Theni Eswar, Sathish Suriya,0,"
27 January 2018 (International Film Festival Rotterdam)
1 February 2019 (Worldwide)
",6,0
10,Sagaa,1,5,https://en.wikipedia.org/wiki/Sagaa,2019,Murugesh,Selly Cinemas,122 minutes, R.Selvakumar Ramprasath, Murugesh,0,0,"
Saran Shakthi
Ayra
Kishore
Sree Raam
Pandi
Neeraja
Prithvi Rajan", Shabir, Niran Chander, Hariharan,0,01-Feb-19,6,0
11,Sarvam Thaala Mayam,1,19,https://en.wikipedia.org/wiki/Sarvam_Thaala_Mayam,2019,Rajiv Menon,Mindscreen Cinemas,130 minutes, Latha Menon, Rajiv Menon,0,0," G. V. Prakash Kumar
Nedumudi Venu
Aparna Balamurali
Vineeth
Kumaravel"," Original Songs:
A. R. Rahman
Rajiv Menon (One song)
Background score:
A. R. Rahman
Qutub-E-Kripa", Ravi Yadav, Anthony," Jio Studios
Sakthi Film Factory",01-Feb-19,6,0
12,Vantha Rajavathaan Varuven,3,26,https://en.wikipedia.org/wiki/Vantha_Rajavathaan_Varuven,2019,Sundar C.,Lyca Productions,0, Allirajah Subaskaran, K. Selva Bharathy (Dialogues), Sundar C., Sundar C.," Silambarasan
Megha Akash
Catherine Tresa", Hiphop Tamizha, Gopi Amarnath, N. B. Srikanth,0,01-Feb-19,6,0
13,Dhilluku Dhuddu 2,3,17,https://en.wikipedia.org/wiki/Dhilluku_Dhuddu_2,2019,Rambala,Handmade Films,0, Santhanam, Rambhala,0,0," Santhanam
Shritha Sivadas
Deepti
Rajendran
Bipin
Urvashi", Shabir, Deepak Kumar Pathy, Madhavan M., Trident Arts,07-Feb-19,5,0
14,Podhu Nalan Karudhi,3,19,https://en.wikipedia.org/wiki/Podhu_Nalan_Karudhi,2019,Zion,AVR Productions,0, AVR Anbuvelrajan, Zion,0,0," Santhosh Prathap
Adith Arun
Karunakaran", A. Hariganesh, Suwaminathan, Greyson A.C.A, PT Selvakumar,07-Feb-19,5,0
15,Avathara Vettai,3,15,,2019,Star Kunjumon,Star Kunjumon Productions,,,,,,,,,,,,7,
16,Nethraa,2,7,https://en.wikipedia.org/wiki/Nethraa,2019,A. Venkatesh,"Swetha Cine Arts, Vengatesh Pictures",108 minutes," S. Pararajasingam,
A. Venkatesh"," A. Venkatesh,
Ajayan Bala (dialogues)",0,0," Vinay
Thaman Kumar
Subiksha", Srikanth Deva, A. Jeyaprakash, N. Vinaj,0,09-Feb-19,7,0
17,Urangapuli,1,10,,2019,M. S. Raj,"CJ Pictures, Naatchiyaal Films",,,,,,,,,,,,7,
18,Vaandu,1,6,https://en.wikipedia.org/wiki/Vaandu,2019,Vashan Shaji,MM Power Cine Creations,0," Vashan Shaji
N. Muniyandi
E.Mathi",0,0,0,"
Chinu
SR Guna
Shigaa
Allwin
Sai Dheena", A. R. Neshan,0,0,0,08-Feb-19,6,0
19,Kalavu,1,6,https://en.wikipedia.org/wiki/Kalavu_(2019_film),2019,Murali Karthik,"Spicy Cool Impressions, Big Print Pictures",0," Diliban M. Sengottian
I. B. Karthikeyan", Murali Karthick,0, Murali Karthick," Kalaiyarasan
Karunakaran
Venkat Prabhu
Vatsan Chakravarthy
Abhirami Iyer", K. S. Sundaramurthy, Vignesh Rajagopalan, Kiripakaran Purushothaman,0,09-Feb-19,7,0
20,Dev,1,3,https://en.wikipedia.org/wiki/Dev_(2019_film),2019,Rajath Ravishankar,Prince Pictures,159 minutes, S. Lakshman Kumar, Rajath Ravishankar,0,0," Karthi
Rakul Preet Singh
Prakash Raj
Ramya Krishnan", Harris Jayaraj, R. Velraj, Ruben," Reliance Entertainment
Murali Cine Arts (Tamil Nadu)","
13 February 2019 (United States)
14 February 2019 (India)",5,0
21,Chithiram Pesuthadi 2,1,21,https://en.wikipedia.org/wiki/Chithiram_Pesuthadi_2,2019,Rajan Madhav,Dream Bridge Productions,130 minutes," L. V. Srikanth
SN Ezilan
Yugesram", Rajan Madhav,0,0," Vidharth
Ajmal Ameer
Ashok
Radhika Apte
Nivedhitha
Gayathrie
Nivas Adithan
Nandhan
Priya Banerjee", Sajan Madhav, Padmesh, K Venkatramanan,0,15-Feb-19,6,0
22,Goko Mako,3,9,https://en.wikipedia.org/wiki/Goko_Mako,2019,Arunkanth,InfoPluto Media Works,96 minutes, Arunkanth, Arunkanth V,0,0," Ramkumar
Dhanusha", Arunkanth, Sukumaran Sundar, Vinoth Sridhar, Info Pluto Media Works,14-Feb-19,5,0
23,Kadhal Mattum Vena,2,18,,2019,Sam Khan,Luckky Studios,,,,,,,,,,,,7,
24,To Let,3,6,https://en.wikipedia.org/wiki/To_Let_(film),2019,Chezhiyan,Zha Cinema,99 minutes, Prema Chezhiyan, Chezhiyan,0,0,"
Santhosh Sreeram
Sheela
Dharun
Aadhira Pandilakshmi",0, Chezhiyan, A. Sreekar Prasad,0,"
November 2017 (Kolkata)
21 February 2019",5,0
25,Arandavanuku Irundadhellam Pei,2,30,,2019,M. S. Selva,KKP Vela Films,,,,,,,,,,,,7,
26,Kanne Kalaimaane,3,16,https://en.wikipedia.org/wiki/Kanne_Kalaimaane,2019,Seenu Ramasamy,Red Giant Movies,0, Udhayanidhi Stalin, Seenu Ramasamy,0,0," Udayanidhi Stalin
Tamannaah", Yuvan Shankar Raja, Jalandhar Vasan, Kasi Viswanathan,0,22-Feb-19,6,0
27,LKG,2,3,https://en.wikipedia.org/wiki/LKG_(film),2019,K. R. Prabhu,Vels Film International,124 minutes, Ishari K. Ganesh, RJ Balaji & friends,0,0," RJ Balaji
Priya Anand
Nanjil Sampath
J. K. Rithesh
Ramkumar Ganesan
Mayilsamy", Leon James, Vidhu Ayyanna, Anthony, Sakthi Film Factory,22-Feb-19,6, 15 crores
28,Pettikadai,1,10,https://en.wikipedia.org/wiki/Pettikadai,2019,Esakki Karvannan,"Chinu, Guna, Shigaa, Allwin",0,0, Esakki Karvannan,0,0," Samuthirakani
Veera
Chandini Tamilarasan
Varsha Bollamma
Arunothayan Laxmanan", Mariya Manohar, N. K. Ekambaram, Gopi Krishna,0,22-Feb-19,6,0
29,90ML,1,4,https://en.wikipedia.org/wiki/90ML_(2019_Tamil_film),2019,Anita Udeep,Nviz Entertainment,129 minutes, Anita Udeep, Anita Udeep,0,0," Oviya
Anson Paul
Masoom Shankar
Monisha Ram
Shree Gopika
Bommu Lakshmi", Silambarasan, Aravind Krishna, Anthony,0,01-Mar-19,6,0
30,Adadae,1,6,,2019,Kamal Saromuni,Creative Horse Entertainment,,,,,,,,,,,,7,
31,Dha Dha 87,1,10,https://en.wikipedia.org/wiki/Dha_Dha_87,2019,Vijay Sri,Kalai Cinemas,0, Kalai selvan M, Vijay Sri G, Vijay Sri G,0," Charuhasan
Saroja
Janagaraj", Leander Lee Marty, Raja Pandi, Sri Vatsan,0,01-Mar-19,6,0
32,Pirivadhillai,3,13,,2019,Seethapathy Ram,Sri Udhayam Studios,,,,,,,,,,,,7,
33,Thadam,1,6,https://en.wikipedia.org/wiki/Thadam,2019,Magizh Thirumeni,Redhan – The Cinema People,138 minutes, Inder Kumar, Magizh Thirumeni,0,0," Arun Vijay
Tanya Hope
Smruthi Venkat
Vidya Pradeep", Arun Raj, Gopinath, N. B. Srikanth, Screen Scene Media Entertainment,01-Mar-19,6,0
34,Thirumanam,1,10,https://en.wikipedia.org/wiki/Thirumanam_(2019_film),2019,Cheran,Preniss International,153 minutes, Premnath Chidambaram, Cheran,0,0," Cheran
Umapathy Ramaiah
Kavya Suresh
Sukanya
M. S. Bhaskar
Thambi Ramaiah
Jayaprakash
Manobala
Bala Saravanan
Seema G. Nair"," Siddharth Vipin (songs),
Sabesh-Murali (score)", Rajesh Yadav, Ponnuvel Damodaran,0,01-Mar-19,6,0
35,Vilambaram,1,10,https://en.wikipedia.org/wiki/Vilambaram_(2019_film),2019,K. A. Suriyanithi,Prince Film Factory,0, A. Joseph Stalin,0,0,0," Abhinay Vaddi
Haira
Aishwarya Rajesh", J. Vimal, Abdulkalam, P. Sai Suresh,0,01-Mar-19,6,0
36,Boomerang,1,9,https://en.wikipedia.org/wiki/Boomerang_(2019_film),2019,R. Kannan,"Trident Arts, M.K.R.P. Productions",125 minutes," R. Kannan
M.K. Ramprasad", R. Kannan,0,0," Atharvaa
Megha Akash
Indhuja
Sathish
RJ Balaji
Upen Patel", Radhan, Prasanna Kumar, R.K. Selva," Trident Arts
M.K.R.P. Productions",08-Mar-19,6,0
37,Kabilavasthu,1,12,,2019,Nesam Murali,Buddha Films,,,,,,,,,,,,7,
38,Pottu,1,5,https://en.wikipedia.org/wiki/Pottu_(film),2019,Vadivudaiyan,Shalom Studios,116 minutes, John Max, Vadivudaiyan,0,0," Bharath
Srushti
Namitha
Ineya", Amresh Ganesh, Sarvesh Murari, Sathish Suriya,0,08-Mar-19,6,0
39,Sathru,1,6,https://en.wikipedia.org/wiki/Sathru_(2019_film),2019,Naveen Nanjundan,RT Entertainment,117 minutes," Raghukumar
Raja Ratnam
Sritharan", Naveen Nanjundan, Naveen Nanjundan,0," Kathir
Srushti Dange
Laguparan
Ponvannan
Pawan
Neelima Rani
Suja Varunee"," Amresh Ganesh
Surya Prasadh R", Mahesh Muthuswami, Prasanna GK,0,08-Mar-19,6,0
40,Spot,1,4,,2019,VRR,RFI,,,,,,,,,,,,7,
41,Aghavan,1,7,https://en.wikipedia.org/wiki/Aghavan,2019,A. P. G. Elumalai,RBK Movies,152 minutes, R. Ravichandran, APG Elumalai,0,0," Kishore Ravichandran
Chirashree Anchan
Nithya Shetty", C. Sathya, Bala Palaniappan, LVK Dass,0,15-Mar-19,6,0
42,Gilli Bambaram Goli,1,19,,2019,D. Manoharan,Shri Sai Film Circuit,,,,,,,,,,,,7,
43,Ispade Rajavum Idhaya Raniyum,3,29,https://en.wikipedia.org/wiki/Ispade_Rajavum_Idhaya_Raniyum,2019,Ranjit Jeyakodi,Madhav Media,153 minutes, Balaji Kapa, Ranjit Jeyakodi,0,0," Harish Kalyan
Shilpa Manjunath
Ma Ka Pa Anand
Bala Saravanan", Sam C. S., Kavin Raj, Bavan Sreekumar,0,15-Mar-19,6,0
44,July Kaatril,4,12,https://en.wikipedia.org/wiki/July_Kaatril,2019,K. C. Sundaram,Kaviya Entertainments,138 minutes, Saravanan Palaniappan," KC Sundaram
Deepthi Govindarajan",0,0," Ananth Nag
Anju Kurian
Samyuktha Menon
Sathish", Joshua Sridhar, Demel Xavier Edwards, Anucharan,0,15-Mar-19,6,0
45,Nedunalvaadai,2,13,https://en.wikipedia.org/wiki/Nedunalvaadai,2019,Selvakannan,B Star Production,0, B-Star Productions, Selvakannan, Selvakannan, Selvakannan," Poo Ram
Elvis Alexander
Anjali Nair", Jose Franklin, Vinoth Rathinasamy, Kasi Viswanathan,0,"
15 March 2019 (India)",6,"₹5 crore (US$700,000)"
46,Agni Devi,1,9,https://en.wikipedia.org/wiki/Agni_Devi,2019,John Paul Raj,"Seatoa Studios, Jai Film Productions",97 minutes, Stalin and John Paul Raj," John Paul Raj
Karundhel Rajesh
Rajesh Kumar",0,0," Bobby Simha
Madhoo
Ramya Nambeesan
Sathish", Jakes Bejoy, Jana, Deepak,0,22-Mar-19,6,0
47,Embiran,2,7,https://en.wikipedia.org/wiki/Embiran,2019,Krishna Pandi,Panchavarnam Films,0, Panchavarnam,0,0,0," Rejith Menon
Radhika Preethi
T. S. B. K. Moulee", Prasanna, M. Pugazhenthi, D. Manoj,0,22-Mar-19,6,0
48,Maanasi,1,7,,2019,Navaz Suleiman,"MJ Films, Movie Masons",,,,,,,,,,,,7,
49,Neerthirai,1,10,https://en.wikipedia.org/wiki/Neerthirai,2019,P. S. Dharan,N Media,0, Kameela Nassar,0,0,0," Nassar
Thalaivasal Vijay
Viji Chandrasekhar", Tosh Nanda, P. S. Dharan, B Subhashkar,0,22-Mar-19,6,0
50,Pattipulam,1,10,https://en.wikipedia.org/wiki/Pattipulam_(film),2019,Suresh,Chandraa Media Vision,106 minutes, Thirumurugan, Suresh,0,0," Veerasamar
Amitha Rao
Yogi Babu", Vallavan,0,0,0,22-Mar-19,6,0
51,Saaral,1,6,,2019,DRL,Rainbow Movie Makers,,,,,,,,,,,,7,
52,Settaikkaranga,1,14,,2019,M. Muthu Manickam,Diva Dika Films,,,,,,,,,,,,7,
53,Airaa,1,5,https://en.wikipedia.org/wiki/Airaa,2019,Sarjun K. M.,KJR Studios,142 minutes, Kotapadi J Rajesh, Priyanka Ravindran,0,0," Nayanthara
Kalaiyarasan
Yogi Babu", Sundaramurthy K.S., Sudarshan Srinivasan, Karthik Jogesh, Trident Arts & Star Vijay (Satellite Right),28-Mar-19,5,0
54,Super Deluxe,1,12,https://en.wikipedia.org/wiki/Super_Deluxe_(film),2019,Thiagarajan Kumararaja,"Kino Fist, East West Dream Works Entertainment, Alchemy Vision Workz",176 minutes," Thiagarajan Kumararaja
S. D. Ezhilmathy
Kumaresan Vadivelu
Sathyaraj Natarajan
Swathi Raghuraman",0," Thiagarajan Kumararaja
Mysskin
Nalan Kumarasamy
Neelan K. Sekar",0," Vijay Sethupathi
Fahadh Faasil
Samantha
Ramya Krishnan", Yuvan Shankar Raja," P. S. Vinod
Nirav Shah", Sathyaraj Natarajan, YNOTX,29-Mar-19,6,0
55,Natpe Thunai,2,12,https://en.wikipedia.org/wiki/Natpe_Thunai,2019,Parthiban Desingu,Parthiban Desingu,155 minutes," Sundar C.
Kushboo"," Sreekanth Vasrp
Devesh Jeyachandran",0,0," Hiphop Tamizha Adhi
Anagha
Karu Pazhaniappan
Harish Uthaman
Sha Ra
RJ Vigneshkanth
Pandiarajan
Kausalya", Hiphop Tamizha, Aravinnd Singh, Fenny Oliver, Screen Scene Media Entertainment,04-Apr-19,5,0
56,Ganesha Meendum Santhipom,2,25,https://en.wikipedia.org/wiki/Ganesha_Meendum_Santhipom,2019,Rateesh Erate,Rateesh Erate,119 minutes, Arun Vikraman Krishnan, Ratheesh Earate,0,0," Prithvi Rajan
Oviya
I. M. Vijayan
Singampuli
Crane Manohar", NLB Siby, Vibind V, P. Sai Suresh,0,05-Apr-19,6,0
57,Kuppathu Raja,3,13,https://en.wikipedia.org/wiki/Kuppathu_Raja_(2017_film),2019,Baba Bhaskar,Baba Bhaskar,120 minutes," M Saravanan
S Siraj
T Saravanan", Baba Bhaskar, Baba Bhaskar,0," G. V. Prakash Kumar
Parthiban
Palak Lalwani
Poonam Bajwa
Yogi Babu", G. V. Prakash Kumar, Mahesh Muthuswami, Praveen K. L., S FOCUSS,"April 5, 2019",6,0
58,Kudimagan,2,9,https://en.wikipedia.org/wiki/Kudimagan,2019,Sathieshwaran,Sathieshwaran,0, Sathieshwaran, Sathieshwaran,0,0," Jaikumar
Akash
Nanditha Jennifer", SM Prashaanth, CT Arulselvan, K. R. Selvaraj,0,05-Apr-19,6,0
59,Oru Kadhai Sollatuma,1,20,https://en.wikipedia.org/wiki/Oru_Kadhai_Sollatuma,2019,Prasad Prabhakar,Prasad Prabhakar,0, Rajeev Panakkal,0, Prasad Prabhakar,0, Resul Pookutty," Songs:
Rahul Raj
Score:
Sharreth", Neil D'Cunha," Unni Malayil
Antony", Sony Pictures International Releasing,05-Apr-19,6,0
60,Uriyadi 2,3,9,https://en.wikipedia.org/wiki/Uriyadi_2,2019,Vijay Kumar,Vijay Kumar,0, Suriya, Vijay Kumar,0,0," Vijay Kumar
Sudhakar
Vismaya", Govind Vasantha, Praveen Kumar N., Linu M., Sakthi Film Factory,05-Apr-19,6,0
61,Gangs of Madras,2,15,https://en.wikipedia.org/wiki/Gangs_of_Madras,2019,C. V. Kumar,C. V. Kumar,142 minutes, C. V. Kumar, C. V. Kumar,0,0," Priyanka Ruth
Ashok
Daniel Balaji
Velu Prabhakaran
P. L. Thenappan
Aadukalam Naren
E. Ramdoss
Bagavathi Perumal"," Hari Dafusia (Songs)
Shyamalangan (Score)
Santhosh Narayanan(Music Supervision)", Karthick K Thillai, Radhakrishnan Dhanapal, Walt Disney Studios Motion Pictures,12-Apr-19,6,0
62,Rocky: The Revenge,3,18,https://en.wikipedia.org/wiki/Rocky:_The_Revenge,2019,K. C. Bokadia,K. C. Bokadia,152 minutes, Haresh Vikram Vijayakumar,0,0,0," Srikanth
Eshanya Maheshwari
Nassar
Sayaji Shinde
OAK Sundar", Bappi Lahiri, Azmal Khan,0,0,12-Apr-19,6,0
63,Watchman,3,8,https://en.wikipedia.org/wiki/Watchman_(film),2019,A. L. Vijay,A. L. Vijay,95 minutes, Arun Mozhi Manickam, A. L. Vijay,0,0," G. V. Prakash Kumar
Samyuktha Hegde", G. V. Prakash Kumar," Nirav Shah
Saravanan Ramasamy", Anthony,0,12-Apr-19,6,0
64,Zhagaram,1,8,https://en.wikipedia.org/wiki/Zhagaram_(film),2019,Krish,Krish,112 minutes,0," Kava Kamz, Krish",0,0," Nandha Durairaj
Eden Kuriakose
Meenesh Krishnaa
Vishnu Bharath
Zahagaram Chandra Mohan", Dharan Kumar,0, Venkat Lakshmanan,0,12-Apr-19,6,0
65,Kanchana 3,1,10,https://en.wikipedia.org/wiki/Kanchana_3,2019,Raghava Lawrence,Raghava Lawrence,166 minutes," Kalanithi Maran
Raghava Lawrence", Raghava Lawrence,0,0," Raghava Lawrence
Oviya
Vedhika
Nikki Tamboli
Ri Djavi Alexandra
Kovai Sarala
Soori
Tarun Arora
Kabir Duhan Singh", S. Thaman," Vetri
Sarvesh Murari", Ruben, Sun Pictures,"April 19, 2019",6, ₹130 crore
66,Mehandi Circus,2,14,https://en.wikipedia.org/wiki/Mehandi_Circus,2019,Saravana Rajendran,Saravana Rajendran,125 minutes, K. E. Gnanavel Raja, Raju Murugan,0,0," Madhampatty Rangaraj
Shweta Tripathi", Sean Roldan, Selvakumar S. K., Philomin Raj,0,19-Apr-19,6,0
67,Vellai Pookal,2,13,https://en.wikipedia.org/wiki/Vellai_Pookal,2019,Vivek Elangovan,Vivek Elangovan,122 minutes," Dhigha Sekaran
Varun Kumar
Ajay Sampath"," Shanmuga Bharathi
Vivek Elangovan",0,0," Vivek
Charle
Dev
Pooja Devariya
Paige Henderson", Ramgopal Krishnaraju, Jerald Peter, Praveen K. L.," Trident Arts
Tentkotta","
12 April 2019 (Bellevue)
19 April 2019 (India)",6,0
68,Alagarum Rendu Allakaium,2,24,,2019,K. Thambidurai,K. Thambidurai,,,,,,,,,,,,7,
69,Mudivilla Punnagai,3,18,,2019,Arokiasamy Clement,Arokiasamy Clement,,,,,,,,,,,,7,
70,Devarattam,2,10,https://en.wikipedia.org/wiki/Devarattam,2019,M. Muthaiah,Studio Green,0, K. E. Gnanavel Raja, M. Muthaiah,0,0," Gautham Karthik
Manjima Mohan
Vinodhini Vaidyanathan
Soori
FEFSI Vijayan", Nivas K. Prasanna, Sakthi Saravanan, Praveen K. L.,0,01-May-19,4," ₹6.5 crore (US$910,000) (1 week collection)"
71,K-13,1,4,https://en.wikipedia.org/wiki/K-13_(film),2019,Barath Neelakantan,SP Cinemas,0," SP Sankar
Santha Priya", Barath Neelakantan,0,0," Arulnithi
Shraddha Srinath
Gayathrie
Yogi Babu
Ramesh Thilak", Sam C. S., Aravinnd Singh, Ruben, SP CINEMAS,03-May-19,6, ₹5.5 crore
72,Thanimai,1,8,https://en.wikipedia.org/wiki/Thanimai,2019,S. Sivaraman,Foot Steps Production,0, S.Sundaravalli, S. Sivaraman,0,0," Sonia Agarwal
Ganja Karuppu", Dhina, Venkidarshan, Dinesh G,0,03-May-19,6,0
73,Thanthai Sol Mikka Manthiram Illai,1,34,,2019,Sivabalakrishnan,Agni Arunachalam Company,,,,,,,,,,,,7,
74,Enge Sendrai En Uyire,5,21,,2019,R. V. Pandi,Jemakara Films,,,,,,,,,,,,7,
75,Kadhal Munnetra Kazhagam,4,24,https://en.wikipedia.org/wiki/Kadhal_Munnetra_Kazhagam,2019,Manicka Sathya,Bluehills Production,0, Malarkodi Murugan,0,0,0," Prithvi Rajan
Chandini Tamilarasan", P. C. Shivan, Harish Krishnan, Suresh Urs,0,05-Jun-19,4,0
76,Kee,3,3,https://en.wikipedia.org/wiki/Kee_(film),2019,Kalees,Global Infotainment,132 minutes, S. Michael Rayappan, Kalees,0,0," Jiiva
Govind Padmasoorya
Nikki Galrani
Anaika Soti
RJ Balaji
Rajendra Prasad
Suhasini", Vishal Chandrasekhar, Abinandhan Ramanujam, Nagooran,0,10-May-19,6,0
77,Unmaiyen Velicham,1,17,,2019,P. K. Sivakumar,Sree Sree Printers,,,,,,,,,,,,7,
78,Vedhamanavan,2,12,,2019,M. Pughazhendi,Chellam & Co Creations,,,,,,,,,,,,7,
79,100,1,3,https://en.wikipedia.org/wiki/100_(2019_film),2019,Sam Anton,Auraa Cinemas,0, Kaviya Mahesh, Sam Anton,0,0," Atharvaa
Hansika Motwani
Radha Ravi
Raaj Aiyyappa", Sam C. S., Krishnan Vasant, Ruben,0,09-May-19,5,0
80,Ayogya,1,6,https://en.wikipedia.org/wiki/Ayogya_(2019_film),2019,Venkat Mohan,Vishal Film Factory,150 minutes[better source needed], B. Madhu, Venkat Mohan,0, Vakkantham Vamsi," Vishal
Raashi Khanna
R. Parthiban
K. S. Ravikumar"," Sam C. S.
S. Thaman (1 song)", V. I. Karthik, Ruben, Screen Scene Media Entertainment,10-May-19,6,0
81,Jaikkapovadhu Yaaru,1,19,,2019,Shakthi Scott,Tittu Productions,,,,,,,,,,,,7,
82,Monster,2,7,https://en.wikipedia.org/wiki/Monster_(2019_film),2019,Nelson Venkatesan,Potential Studios,141 minutes," S. R. Prakashbabu
S. R. Prabhu
Gopinath
Thanga Prabaharan"," Nelson Venkatesan
Sankar Dass",0,0," S. J. Surya
Priya Bhavani Shankar
Karunakaran", Justin Prabhakaran, Gokul Benoy, V. J. Sabu Joseph,0,17-May-19,6,0
83,Mr Local,1,8,https://en.wikipedia.org/wiki/Mr_Local,2019,M. Rajesh,Studio Green,154 minutes, K. E. Gnanavel Raja, M. Rajesh, M. Rajesh, M. Rajesh," Sivakarthikeyan
Nayanthara
Raadhika
Sathish
Yogi Babu
Narayan Lucky", Hiphop Tamizha," Dinesh Krishnan
Arthur A. Wilson (1 song)", Vivek Harshan," Tanvee Films
Sakthi Film Factory",17-May-19,6,0
84,Natpuna Ennanu Theriyuma,2,24,https://en.wikipedia.org/wiki/Natpuna_Ennanu_Theriyuma,2019,ShivaKumar Arvind,Libra Productions,0, Ravindhar Chandrasekaran,0,0,0," Kavin
Remya Nambeesan
Raju Jeyamohan
Arunraja Kamaraj
Ilavarasu", Dharan, Yuva, Nirmal,0,17-May-19,6,0
85,Lisaa,3,5,https://en.wikipedia.org/wiki/Lisaa,2019,Raju Vishwanath,PG Media Works,104 minutes, P. G. Muthiah, Raju Viswanath,0,0," Anjali
Sam Jones
Makarand Deshpande", Santhosh Dhayanidhi, PG Muthiah, SN Fazil,0,24-May-19,6,0
86,Neeya 2,1,7,https://en.wikipedia.org/wiki/Neeya_2,2019,L. K. Suresh,Jumbo Films,0, Sridhar Arunachalam, L. Suresh,0,0," Jai
Catherine Tresa
Raai Laxmi
Varalaxmi Sarathkumar", Shabir, Rajavel Mohan, Gopi Krishna,0,24-May-19,6,0
87,Oviyavai Vitta Yaru,2,19,https://en.wikipedia.org/wiki/Oviyavai_Vitta_Yaru,2019,Rajadurai,Velammal Cine Creations,0, Madurai Selvam,0,0,0," Sanjeevi
Oviya", Srikanth Deva, E.K. Nagarajan, P. Sai Suresh,0,24-May-19,6,0
88,Owdatham,3,8,,2019,Ramani,Red Chilly Black Pepper Cinemas,,,,,,,,,,,,7,
89,Perazhagi ISO,1,13,https://en.wikipedia.org/wiki/Perazhagi_ISO,2019,C. Vijayan,Creamines Movie Makers,0,0,0,0,0," Shilpa Manjunath
Vivek Raj
Sachu", Charles Dhana," DJ Nauzad
Sabarish Jayakumar", Ilavarasan,0,24-May-19,6,0
90,Rusithu Paar En Anbe,2,20,,2019,Matthew Yuvani,Holyfire Films,,,,,,,,,,,,7,
91,Vannakili Bharathi,4,18,,2019,Igore,Film Puja,,,,,,,,,,,,7,
92,Devi 2,2,6,https://en.wikipedia.org/wiki/Devi_2,2019,A. L. Vijay,GV Films,126 minutes," R. Ravindran
Tamil:
K. Ganesh
Telugu:
Abhishek Nama",0," A. L. Vijay
Sathya",0,"
Prabhu Deva
Tamannaah
Kovai Sarala
Nandita Swetha
Dimple Hayathi", Sam C. S., Ayananka Bose, Anthony, Screen Scene Media Entertainment,31-May-19,6,0
93,NGK,2,3,https://en.wikipedia.org/wiki/NGK_(film),2019,Selvaraghavan,Dream Warrior Pictures,148 minutes,"
S. R. Prakashbabu
S. R. Prabhu", Selvaraghavan,0,0,"
Suriya
Sai Pallavi
Rakul Preet Singh", Yuvan Shankar Raja, Sivakumar Vijayan, Praveen K. L., Reliance Entertainment,31-May-19,6,0
94,Thiruttu Kalyanam,1,17,,2019,Shakthivelan,Sri Senthoor Pictures,,,,,,,,,,,,7,
95,7,2,1,https://en.wikipedia.org/wiki/7_(film),2019,Nizar Shafi,Kiran Studios,117 minutes," Ramesh Varma
(Telugu version)
MS Sharavanan
(Tamil version)"," Nizar Shafi
Ramesh Varma",0,0," Havish
Rahman
Nandita Swetha
Regina Cassandra
Pujita Ponnada
Tridha Choudhury
Anisha Ambrose
Aditi Arya", Chaitan Bharadwaj, Nizar Shafi, Praveen K. L., Abhishek Pictures,05-Jun-19,4,0
96,Kolaigaran,1,10,https://en.wikipedia.org/wiki/Kolaigaran,2019,Andrew Louis,Diya Movies,122 minutes, B.Pradip, Andrew Louis,0,0," Arjun
Vijay Antony
Ashima Narwal
Seetha
Nassar", Simon K. King, Mukes, Richard Kevin, BOFTA Media Works,07-Jun-19,6,0
97,Game Over,1,9,https://en.wikipedia.org/wiki/Game_Over_(2019_film),2019,Ashwin Saravanan,Y NOT Studios,97 minutes," S. Sashikanth
Chakravarthy Ramachandra"," Ashwin Saravanan
Kaavya Ramkumar
(Tamil dialogues)
Venkat Kacharla
(Telugu dialogues)",0," Ashwin Saravanan
Kaavya Ramkumar"," Taapsee Pannu
Vinodhini Vaidyanathan
Anish Kuruvilla
Sanchana Natarajan
Ramya Subramanian
Parvathi T.", Ron Ethan Yohann, A. Vasanth, Richard Kevin," YNOTX
AP International",14-Jun-19,6, ₹15.91crore
98,Nenjamundu Nermaiyundu Odu Raja,2,31,https://en.wikipedia.org/wiki/Nenjamundu_Nermaiyundu_Odu_Raja,2019,Karthik Venugopalan,Sivakarthikeyan Productions,0, Sivakarthikeyan,0,0,0," Rio Raj
Shirin Kanchwala
RJ Vigneshkanth
Radha Ravi
Nanjil Sampath
Vivek Prasanna
Mayilsamy", Shabir, U. K. Senthil Kumar, Fenny Oliver - Tamil Arasan,0,14-Jun-19,6,0
99,Suttu Pidikka Utharavu,4,22,https://en.wikipedia.org/wiki/Suttu_Pidikka_Utharavu,2019,Ramprakash Rayappa,Kalpataru Pictures,106 minutes, P.K. Ram Mohan, Ramprakash Rayappa,0,0," Vikranth
Mysskin
Athulya Ravi
Suseenthiran", Jakes Bejoy, Sujith Sarang, G. Ramarao,0,14-Jun-19,6,0
100,Mosadi,3,6,https://en.wikipedia.org/wiki/Mosadi,2019,K. Jagatheesan,JCS Movies,0,0,0,0,0," Viju Ayyapasamy
Pallavi Dora", Shajahan, R. Manikandan," S.M.V Subbu
Gopi Ra Nath",0,21-Jun-19,6,0
101,Thumbaa,1,7,https://en.wikipedia.org/wiki/Thumbaa,2019,Harish Ram,Regal Reels,123 minutes, Surekha Nyapati," Harish Ram L. H.
Ram Raghav
Prabagaran AR",0,0," Darshan
Keerthi Pandian
Dheena"," Anirudh Ravichander
Vivek-Mervin
Santhosh Dhayanidhi", Naren Elan, R. Kalaivanan, KJR Studios,21-Jun-19,6,0
102,Sindhubaadh,1,11,https://en.wikipedia.org/wiki/Sindhubaadh,2019,S. U. Arun Kumar,"Vansan Movies, K Productions",133 minutes," S. N. Rajarajan
Shan Sutharsan", S. U. Arun Kumar,0,0," Vijay Sethupathi
Anjali", Yuvan Shankar Raja, Vijay Karthik Kannan, Ruben, Clap Board Production,27-Jun-19,5,0
103,Dharmaprabhu,1,12,https://en.wikipedia.org/wiki/Dharmaprabhu,2019,S. Muthukumaran,Sri Vaari Films,135 minutes, P Ranganathan, Muthukumaran,0,0," Yogi Babu
Radha Ravi
Janani Iyer
Rekha
Sam Jones
Ramesh Thilak
Rajendran", Justin Prabhakaran, Mahesh Muthuswami, San Lokesh,0,28-Jun-19,6,0
104,House Owner,1,11,https://en.wikipedia.org/wiki/House_Owner,2019,Lakshmy Ramakrishnan,Monkey Creative Labs,111 minutes," Gopalakrishnan Ramakrishnan, Pushkar Manohar, RajiMalathy", Lakshmy Ramakrishnan,0,0," Kishore
Sriranjini
Pasanga Kishore
Lovelyn", Mohamaad Ghibran, Krishna Sekhar TS, CS Prem Kumar,0,28-Jun-19,6,0
105,Jiivi,2,5,https://en.wikipedia.org/wiki/Jiivi,2019,V. J. Gopinath,Vetrivel Saravana Cinemas,114 minutes,"
M. Vellapandian
Sudalaikan Vellapandian
Subramanian Vellapandian", Babu Tamizh," Babu Tamizh
V. J. Gopinath", Babu Tamizh,"
Vetri
Monica Chinnakotla
Karunakaran
Rohini
Mime Gopi
Ashwini Chandrashekar", K. S. Sundaramurthy, Praveen Kumar, Praveen K. L.,0,28-Jun-19,6,0
106,Natchathira Jannalil,1,20,,2019,Jayamurugesan,Om Siva Sakthi Muruga Films,,,,,,,,,,,,7,
107,Enakku Innum Kalyanam Aakale,2,28,,2019,Murugalingam,Muthuvinayaka Movies,,,,,,,,,,,,7,
108,Kalavani 2,4,10,https://en.wikipedia.org/wiki/Kalavani_2,2019,A. Sarkunam,Varmans Productions,143 minutes, A. Sarkunam,0,0,0," Vimal
Oviya"," Natarajan Sankaran (score)
Mani Amudhavan (songs)
V2 (songs)
V. Ronald Regan (songs)", Masani, Raja Mohammad,0,05-Jul-19,6,0
109,Raatchasi,2,9,https://en.wikipedia.org/wiki/Raatchasi,2019,Sy. Gowthamraj,Dream Warrior Pictures,136 minutes," S. R. Prakashbabu
S. R. Prabhu", Sy Gowthamraj,0,0, Jyothika, Sean Roldan, Gokul Benoy, Philomin Raj, Dream Warrior Pictures,05-Jul-19,6,0
110,Bodhai Yeri Budhi Maari,1,23,https://en.wikipedia.org/wiki/Bodhai_Yeri_Budhi_Maari,2019,Chandru,Rise East Entertainments,0, Sreenidhi Sagar," Chandru KR
Kathir",0, Chandru KR," Dheeraj
Pradaini Surva
Radha Ravi", KP, Balasubramaniem, V. J. Sabu Joseph,0,12-Jul-19,6,0
111,Gorilla,4,7,https://en.wikipedia.org/wiki/Gorilla_(film),2019,Don Sandy,All in Pictures,130 minutes, Vijay Raghavendra, Don Sandy,0,0," Jiiva
Shalini Pandey
Kong
Sathish
Vivek Prasanna", Sam C. S., R. B. Gurudev, Ruben,0,12-Jul-19,6,0
112,Gurkha,1,6,https://en.wikipedia.org/wiki/Gurkha_(film),2019,Sam Anton,4 Monkeys Studios,0, Sam Anton,0, Sam Anton,0," Yogi Babu
Elyssa Erhardt
Anandaraj
Charle
Raj Bharath", Raj Aryan, Krishnan Vasant, Ruben,0,12-Jul-19,6,₹8 crore (US$1.1 million)(see below)
113,Thozhar Venkatesan,1,18,https://en.wikipedia.org/wiki/Thozhar_Venkatesan,2019,Mahashivan,Kaala Films,0," Madhavi Harishankar
Suseenthiran", Mahashivan,0,0," Harishankar
Monica Chinnakotla", Sagishna Xavier, Veda Selvam," Mahashivan
Rajesh Kanna", VT Cinemas,12-Jul-19,6,0
114,Vennila Kabaddi Kuzhu 2,2,23,https://en.wikipedia.org/wiki/Vennila_Kabaddi_Kuzhu_2,2019,Selvasekaran,Saai Arputham Cinemas,140 minutes," Poongavanam
Anandh",0, Selva Sekaran, Suseenthiran,"
Vikranth
Arthana Binu", V. Selvaganesh, E. Krishnasamy, Ajay,0,12-Jul-19,6,0
115,Igloo,4,5,https://en.wikipedia.org/wiki/Igloo_(2019_film),2019,Bharath Mohan,Drumsticks Productions,138 minutes, Vedikkaranpatti S. Sakthivel,0,0,0," Amzath Khan
Anju Kurian
RJ Vigneshkanth", Arrol Corelli, kugan s palani, Prasanna GK, ZEE5,17-Jul-19,4,0
116,Aadai,1,5,https://en.wikipedia.org/wiki/Aadai,2019,Rathnakumar,V Studios,141 minutes, Viji Subramaniyan, Rathna Kumar,0,0," Amala Paul
Vivek Prasanna
Ramya Subramanian"," Pradeep Kumar
Oorka (band)", Vijay Karthik Kannan, Shafique Mohammed Ali, Srii Umayal Films,19-Jul-19,6,0
117,Kadaram Kondan,1,14,https://en.wikipedia.org/wiki/Kadaram_Kondan,2019,Rajesh Selva,Raaj Kamal Films International,121 minutes," Kamal Haasan
R. Ravindran", Rajesh M. Selva,0,0,"
Vikram
Akshara Haasan
Abi Hassan", Ghibran, Srinivas R. Gutha, Praveen K. L., Trident Arts,19-Jul-19,6,0
118,Unarvu,2,6,https://en.wikipedia.org/wiki/Unarvu,2019,Subu Venkat,Amrutha Film Center,0, Shekar Jayaram,0,0,0," Suman
Aroul D. Shankar
Ankitha Navya
Shinav", Nakul Abhyankar, David Jan, P. Chandan,0,19-Jul-19,6,0
119,A1,1,2,https://en.wikipedia.org/wiki/A1_(2019_film),2019,Johnson,CircleBox Entertainment,109 minutes, S. Raj Narayanan, Johnson K,0,0," Santhanam
Tara Alisha Berry", Santhosh Narayanan, Gopi Jagadeeswaran, Leo John Paul, SP Chowdhary – 18 Reels,26-Jul-19,6,0
120,Aaradi,1,6,,2019,Santhosh,Shiva Kudumbam Films,,,,,,,,,,,,7,
121,Chennai Palani Mars,1,19,https://en.wikipedia.org/wiki/Chennai_Palani_Mars,2019,Biju Viswanath,Vijay Sethupathi Productions,0," Biju Viswanath
Vijay Sethupathi"," Biju Viswanath
Vijay Sethupathi (dialogues)",0,0," Praveen Raja
Rajesh Giriprasad
Vasant Marimuthu", Niranjan Babu, Biju Viswanath, Biju Viswanath,0,26-Jul-19,6,0
122,Kolanji,3,7,https://en.wikipedia.org/wiki/Kolanji,2019,Dhanaram Saravanan,White Shadows Productions,0, Naveen," Dhanaram Saravanan
Naveen",0,0," Samuthirakani
Sanghavi
Rajaji
Naina Sarwar
Kirubakaran", Natarajan Sankaran, Vijayan Munusamy, Athiyappan Siva,0,26-Jul-19,6,0
123,Jackpot,1,7,https://en.wikipedia.org/wiki/Jackpot_(2019_film),2019,Kalyaan,2D Entertainment,128 minutes, Suriya,0,0,0," Jyothika
Revathi
Yogi Babu
Anandaraj", Vishal Chandrasekhar, R. S. Anandakumar, Vijay Velukutty, Sakthi Film Factory,02-Aug-19,6,0
124,Kazhugu 2,1,9,https://en.wikipedia.org/wiki/Kazhugu_2,2019,Sathyasiva,Madukkur Movie Makers,0, Manobala,0, Sathyasiva, Sathyasiva," Krishna Sekhar
Bindu Madhavi
Kaali Venkat", Yuvan Shankar Raja, Raja Bhattacharjee, Gopi Krishna,0,01-Aug-19,5,0
125,Thorati,2,7,https://en.wikipedia.org/wiki/Thorati,2019,P. Marimuthu,Shaman Pictures,128 minutes, Shaman Mithru,0,0,0," Shaman Mithru
Sathyakala"," Ved Shankar
Jithin K. Roshan", Kumar Sridhar, Raja Mohammad, SDC Picturez,02-Aug-19,6,0
126,Nerkonda Paarvai,1,16,https://en.wikipedia.org/wiki/Nerkonda_Paarvai,2019,H. Vinoth,Zee Studios,158 minutes, Boney Kapoor," H. Vinoth
Shoojit Sircar
Ritesh Shah
Aniruddha Roy Chowdhury",0,0," Ajith Kumar
Shraddha Srinath
Abhirami Venkatachalam
Andrea Tariang", Yuvan Shankar Raja, Nirav Shah, Gokul Chandran," S Pictures, Kandhasamy Arts",08-Aug-19,5, ₹108–181.45 crore
127,Kolaiyuthir Kaalam,2,18,https://en.wikipedia.org/wiki/Kolaiyuthir_Kaalam,2019,Chakri Toleti,Etcetera Entertainment,0, V. Mathiyalagan," Adam Hiebeler,
Carl Lauricella",0,0," Nayanthara
Bhumika Chawla
Pratap K. Pothen
Rohini Hattangadi", Achu Rajamani, Cory Greyak, Rameshwar S. Bhagat,0,09-Aug-19,6,0
128,Reel,2,4,,2019,Munuswamy,Sree Muruka Movie Makers,,,,,,,,,,,,7,
129,Seemapuram,1,10,,2019,Jolyman,JTR Movie,,,,,,,,,,,,7,
130,Valaiyal,1,8,,2019,A. Gurusekara,BR Movie Makers,,,,,,,,,,,,7,
131,Comali,1,6,https://en.wikipedia.org/wiki/Comali,2019,Pradeep Ranganathan,Vels Films International,0, Ishari K. Ganesh, Pradeep Ranganathan,0,0,"
Jayam Ravi
Kajal Aggarwal", Hiphop Tamizha, Richard M. Nathan, Pradeep E. Ragav, Sakthi Film Factory,15-Aug-19,5, ₹38–41 crore
132,Maankutty,1,9,,2019,M. Boobalan,V. N. Balan Pictures,,,,,,,,,,,,7,
133,Puli Adichan Patti,1,18,,2019,Vaidyaa,Kudavarasi Movie Creations,,,,,,,,,,,,7,
134,Kennedy Club,3,12,https://en.wikipedia.org/wiki/Kennedy_Club,2019,Suseenthiran,Nallusamy Pictures,118 minutes, D. N. Thaisaravanan, Suseenthiran,0,0," Sasikumar
Bharathiraja
Meenakshi Govindarajan
Soori", D. Imman, R. B. Gurudev, Anthony,0,22-Aug-19,5,0
135,Bakrid,2,6,https://en.wikipedia.org/wiki/Bakrid_(film),2019,Jagadeesan Subu,M10 Productions,122 minutes, M.S. Murugaraj M.M.P.Vigneshwar,0,0,0," Vikranth
Vasundhara", D. Imman, Jagadeesan Subu, Ruben,0,23-Aug-19,6,0
136,Mei,1,3,https://en.wikipedia.org/wiki/Mei_(film),2019,S. A. Bhaskaran,Sundaram Productions,112 minutes,0,0, SA Baskaran, Sentha Murugesan," Nicky Sundaram
Aishwarya Rajesh
Kishore", Prithvi Kumar & Anil Johnson (BGM), VN Mohan, Preethi Mohan,0,23-Aug-19,6,0
137,Mayuran,1,7,https://en.wikipedia.org/wiki/Mayuran,2019,Nandan Subbrayan,Pinnacle Film Studio,0," K. Ashokkumar
P. Raman
G. Chandrasekaran
M. P. Karthick",0,0,0," Anjan Dev
Ashmitha Dogra
Vela Ramamoorthy"," Jubin
Jerard Felix", Parameshwar, Ignatius Ashwin,0,30-Aug-19,6,0
138,Saaho,1,5,https://en.wikipedia.org/wiki/Saaho,2019,Sujeeth,UV Creations,171 minutes,"
Vamsi Krishna Reddy
Pramod Uppalapati","
Sujeeth
(Story, Screenplay, Telugu dialogue)
K. G. R. Ashok
(Tamil dialogue)
Abbas Dalal
Hussain Dalal
(Hindi dialogue)",0,0,"
Prabhas
Shraddha Kapoor","
Score:
Ghibran
Songs:
Tanishk Bagchi
Guru Randhawa
Badshah
Shankar–Ehsaan–Loy", R. Madhi, A. Sreekar Prasad," AA Films (India)
Yash Raj Films
Phars Film (International)",30-Aug-19,6, ₹433 crore
139,Sixer,1,5,https://en.wikipedia.org/wiki/Sixer_(2019_film),2019,Chachi,Trident Arts,128 minutes," R. Dinesh Kannan
Sridhar", Chachi, Chachi,0," Vaibhav
Palak Lalwani
Sathish", M. Ghibran, P. G. Muthiah, Jomin,0,30-Aug-19,6,0
140,Magamuni,1,8,https://en.wikipedia.org/wiki/Magamuni,2019,Santhakumar,Studio Green,156 minutes, K. E. Gnanavel Raja, Santhakumar,0, Santhakumar,"
Arya
Indhuja Ravichandran
Mahima Nambiar", S. Thaman, Arun Bathmanaban, V. J. Sabu Joseph, Tarun Pictures,06-Sep-19,6,0
141,Sivappu Manjal Pachai,1,21,https://en.wikipedia.org/wiki/Sivappu_Manjal_Pachai,2019,Sasi,Abhishek Films,142 minutes, Ramesh P Pillai, Sasi,0,0," Siddharth
GV Prakash
Lijomol Jose
Kashmira Pardeshi", Siddhu Kumar, Prasanna Kumar, San Lokesh,0,06-Sep-19,6,0
142,Zombie,3,6,https://en.wikipedia.org/wiki/Zombie_(2019_film),2019,Bhuvan Nullan,S3 Pictures,128 minutes, Vasanth Mahalingam and V. Muthukumar, Bhuvan Nullan,0,0," Yogi Babu
Yashika Aannand", Premgi Amaren, Vishushri K, Dinesh Ponraj,0,06-Sep-19,6,0
143,En Kaadhali Scene Podura,1,24,https://en.wikipedia.org/wiki/En_Kaadhali_Scene_Podura,2019,Ram Sevaa,Shankar Movies International,0, Joseph Baby,0,0,0," Mahesh
Shalu Chourasiya", Amresh Ganesh, Venkat, A. Marish,0,13-Sep-19,6,0
144,Ongala Podanum Sir,4,18,https://en.wikipedia.org/wiki/Ongala_Podanum_Sir,2019,R. L. Ravi-Sreejith Vijayan,Zigma Films,0, Manoj," Siva Anchal,
Sajith S.
Ishaque",0,0," Jithan Ramesh
Sanuja Somnadh
Joniha Doda
Anu Nair
Parijitha Singa
Vaishaly", Rejimon, S Selva Kumar, Vishnu Narayanan,0,13-Sep-19,6,0
145,Perunali,3,8,,2019,Citizen Mani,Margaret Anthony,,,,,,,,,,,,7,
146,Kaappaan,1,8,https://en.wikipedia.org/wiki/Kaappaan,2019,K. V. Anand,Lyca Productions,163 minutes, Subaskaran Allirajah," Pattukkottai Prabakar
R. M. Muthu Ganesan (Dialogues)"," K. V. Anand
Pattukkottai Prabakar"," K. V. Anand
Pattukkottai Prabakar","
Suriya
Mohanlal
Arya
Sayyeshaa Saigal
Boman Irani
Samuthirakani
Chirag Jani", Harris Jayaraj," M. S. Prabhu
Abinandhan Ramanujam", Anthony, Reliance Entertainment,20-Sep-19,6,0
147,Oththa Seruppu Size 7,1,21,https://en.wikipedia.org/wiki/Oththa_Seruppu_Size_7,2019,Parthiepan,Bioscope Film Framers,105 minutes, R. Parthiepan, R. Parthiepan,0,0, R. Parthiepan,"
Santhosh Narayanan
(One Song)
C. Sathya
(Background Score)", Ramji, R. Sudharsan,0,"
30 August 2019 (Singapore South Asian Film Festival)
20 September 2019 (India)",6, 10.5 crore
148,Super Duper,4,11,https://en.wikipedia.org/wiki/Super_Duper_(film),2019,AK,Flux Films,118 minutes, Shalini Vasan,0,0,0," Dhruva
Indhuja
Sha Ra", Divakara Thiyagarajan," Sundar Ram Krishnan
Thalapathy Rathnam",0,0,20-Sep-19,6,0
149,Namma Veettu Pillai,2,19,https://en.wikipedia.org/wiki/Namma_Veettu_Pillai,2019,Pandiraj,Sun Pictures,152 minutes, Kalanithi Maran, Pandiraj,0,0," Aishwarya Rajesh
Sivakarthikeyan
Anu Emmanuel", D. Imman, Nirav Shah, Ruben, Sun Pictures,"September 27, 2019",6, ₹760 million
150,Thittam Poattu Thirudura Kootam,3,31,https://en.wikipedia.org/wiki/Thittam_Poattu_Thirudura_Kootam,2019,Sudhar,Two Movie Buffs,117 minutes, Raghunathan. P.S., Sudhar,0,0," Chandran
Satna Titus
Parthiban
Chaams
Daniel Annie Pope", Ashwath, Martin Joe, Venkat Ramanan. K.J., SDC Picturez,27-Sep-19,6,0
151,100% Kadhal,4,11,https://en.wikipedia.org/wiki/100%25_Kadhal,2019,M. M. Chandramouli,"Creative Cinemas NY, NJ Entertainment",0," Sukumar
Bhuvana Chandramouli",0,0, Sukumar," G. V. Prakash Kumar
Shalini Pandey", G. V. Prakash Kumar, Ganesh Rajavelu, Mu. Kasi Viswanathan,0,04-Oct-19,6,0
152,Asuran,2,6,https://en.wikipedia.org/wiki/Asuran_(2019_film),2019,Vetrimaaran,V Creations,139 minutes, Kalaippuli S. Thanu, SuKa (dialogues), Vetrimaaran,0," Dhanush
Manju Warrier", G. V. Prakash Kumar, Velraj, R. Ramar,0,04-Oct-19,6, See Finance section.
153,Aruvam,1,6,https://en.wikipedia.org/wiki/Aruvam,2019,Sai Sekhar,Trident Arts,128 minutes," R. Soundarya
Deepa Iyer", Sai Sekhar,0,0," Siddharth
Catherine Tresa", S. Thaman, N. K. Ekambaram, Praveen K. L.,0,11-Oct-19,6,0
154,Petromax,1,8,https://en.wikipedia.org/wiki/Petromax_(film),2019,Rohin Venkatesan,Eagle's Eye Production,128 minutes, A. Kumar, G. R. Surendarnath,0,0, Tamannaah, Ghibran, Dani Raymond, Leo John Paul,0,11-Oct-19,6,0
155,Puppy,1,5,https://en.wikipedia.org/wiki/Puppy_(2019_film),2019,Natty Dev,Vels Film International,104 minutes, Ishari K. Ganesh, Nattu Dev,0,0," Varun
Samyuktha Hegde
Yogi Babu", Dharan Kumar, Deepak Kumar Padhy, Richie,0,11-Oct-19,6, 4 crores
156,Bow Bow,1,7,https://en.wikipedia.org/wiki/Bow_Bow,2019,S. Pradeep Kilikar,London Talkies,0, K. Natrajan,0, Pradeep Kilikar,0, Master Ahaan," Marc D. Muse
A. Denis Vallaban", K. Arun Prasath," E. Gopal
S. Anand",0,18-Oct-19,6,0
157,Kaaviyyan,2,9,https://en.wikipedia.org/wiki/Kaaviyyan,2019,Sarathi,2m Cinemas,109 minutes, K.V. Shabarreesh,0,0,0," Shaam
Sridevi Kumar
Athmiya Rajan", Syam Mohan MM, N.S. Raajesh Kumar, Arun Thomas AKD, SDC Picturez,18-Oct-19,6,0
158,Bigil,1,5,https://en.wikipedia.org/wiki/Bigil,2019,Atlee,AGS Entertainment,178 minutes," Kalpathi S. Aghoram
Kalpathi S. Ganesh
Kalpathi S. Suresh", Atlee Kumar, Atlee Kumar, Atlee Kumar," Vijay
Nayanthara
Jackie Shroff
Kathir
Vivek"," Songs:
A. R. Rahman
Score:
A. R. Rahman
Qutub-E-Kripa", G. K. Vishnu, Ruben, Screen Scene Media Entertainment,25-Oct-19,6, ₹285–300 crore
159,Kaithi,1,6,https://en.wikipedia.org/wiki/Kaithi_(2019_film),2019,Lokesh Kanagaraj,Dream Warrior Pictures,144 minutes," S. R. Prakashbabu
S. R. Prabhu
Thiruppur Vivek"," Lokesh Kanagaraj
Pon Parthiban",0,0," Karthi
Narain
Arjun Das
George Maryan
Dheena", Sam C. S., Sathyan Sooryan, Philomin Raj,0,25-Oct-19,6, ₹105 crore
160,Butler Balu,1,11,https://en.wikipedia.org/wiki/Butler_Balu,2019,M. L. Suthir,Thozhaa Cine Creations,0, Mukesh, SP Rajkumar (dialogues),0,0," Gautham Krishna
Shalini Mayil", Ganesh Raghavendra, Paul Livingston,0,0,08-Nov-19,6,0
161,Miga Miga Avasaram,2,18,https://en.wikipedia.org/wiki/Miga_Miga_Avasaram,2019,Suresh Kamatchi,V House Production,96 minutes," Suresh Kamatchi
Vetrimaaran", K. P. Jagan,0,0," Sri Priyanka
Harish", Ishaan Dev, Balabharani, R. Sudharsan, Clap Board Production,08-Nov-19,6,0
162,Thavam,3,6,https://en.wikipedia.org/wiki/Thavam_(2019_film),2019,"Vijay Anand, Suriyan",Ashif Film International,0, Vasi Asif," R Vijay Anand
AR Suriyan",0,0," Vasi Ashif
Pooja Shree
Seeman", Srikanth Deva,0,0,0,08-Nov-19,6,0
163,Action,1,6,https://en.wikipedia.org/wiki/Action_(2019_film),2019,Sundar C,Trident Arts,157 minutes, R. Ravindran," Subha
Badri
(Dialogues)"," Sundar C.
Venkat Ragavan
Subha", Sundar C.,"
Vishal
Tamannaah
Aishwarya Lekshmi
Akanksha Puri
Ramki
Yogi Babu
Kabir Duhan Singh", Hiphop Tamizha, Dudley, N. B. Srikanth,0,15-Nov-19,6,0
164,Sangathamizhan,1,14,https://en.wikipedia.org/wiki/Sangathamizhan,2019,Vijay Chander,Vijaya Productions,150 minutes, Bharathi Reddy, Vijay Chander,0,0,"
Vijay Sethupathi
Raashi Khanna
Nivetha Pethuraj", Vivek-Mervin, R. Velraj, Praveen K. L., Libra Productions,15-Nov-19,6,0
165,Adithya Varma,1,13,https://en.wikipedia.org/wiki/Adithya_Varma,2019,Gireesaya,E4 Entertainment,164 minutes, Mukesh Mehta,0,0, Sandeep Vanga," Dhruv Vikram
Banita Sandhu"," Soundtrack:
Radhan
Score:
Harshavardhan Rameshwar", Ravi K. Chandran, Vivek Harshan, E4 Entertainment,"
21 November 2019 (worldwide)
22 November 2019 (India)",6,0
166,K. D.,2,5,https://en.wikipedia.org/wiki/K.D._(film),2019,Madhumitha,Yoodlee Films,123 minutes," Vikram Mehra
Siddharth Anand Kumar", Madhumita, Sabarivaasan Shanmugam, Madhumita," Mu Ramaswamy
Nagavishal", Karthikeya Murthy, Meyyendiran Kempuraj, Vijay Venkataramanan, YNOTX,22-Nov-19,6,0
167,Maggy,2,5,,2019,Kartikeyen,Sai Ganesh Pictures,,,,,,,,,,,,7,
168,Panam Kaaikkum Maram,1,20,,2019,JP,Dharsh Show Company,,,,,,,,,,,,7,
169,Pei Vaala Pudicha Kadha,3,23,,2019,Mankavasagam,Konoornadu Films,,,,,,,,,,,,7,
170,Adutha Saattai,4,14,https://en.wikipedia.org/wiki/Adutha_Saattai,2019,M. Anbazhagan,11: 11 Productions,129 minutes," Samuthirakani
Dr Prabhu Thilak", M. Anbazhagan, Samuthirakani,0," Samuthirakani
Thambi Ramaiah
Yuvan
Athulya Ravi", Justin Prabhakaran, Rasamathi, Nirmal, Sri Vaari Film,29-Nov-19,6,0
171,Azhiyatha Kolangal 2,2,20,https://en.wikipedia.org/wiki/Azhiyatha_Kolangal_2,2019,M. R. Bharathi,Charulatha Films,108 minutes," Easwari Rao
Deva Sinha",0,0,0," Prakash Raj
Revathi
Archana", Aravind Siddhartha, Rajesh K. Nair, Mu. Kasi Viswanathan,0,29-Nov-19,6,0
172,Enai Noki Paayum Thota,3,22,https://en.wikipedia.org/wiki/Enai_Noki_Paayum_Thota,2019,Gautham Menon,Ondraga Entertainment,0," Ishari K. Ganesh
Gautham Menon
Venkat Somasundaram
Reshma Ghatala", Gautham Menon,0,0," Dhanush
Megha Akash", Darbuka Siva," Jomon T. John
Manoj Paramahamsa
S.R. Kathir",0, Vels Film International,29-Nov-19,6,0
173,Market Raja MBBS,4,16,https://en.wikipedia.org/wiki/Market_Raja_MBBS,2019,Saran,Surabi Films,0, S. Mohan, Saran, Saran, Saran,"
Arav
Kavya Thapar
Nikesha Patel", Simon K. King, K. V. Guhan, Gopi Krishna,0,29-Nov-19,6,0
174,Theemaikum Nanmai Sei,3,21,,2019,Raghava Hari Kesava,MS Banana Films,,,,,,,,,,,,7,
175,Dhanusu Raasi Neyargale,3,23,https://en.wikipedia.org/wiki/Dhanusu_Raasi_Neyargale,2019,Sanjay Bharathi,Sree Gokulam Movies,120 minutes, Gokulam Gopalan, Sanjay Bharathi,0,0,"
Harish Kalyan
Digangana Suryavanshi
Reba Monica John", Ghibran, PK Varma, Kubendran,0,06-Dec-19,6,0
176,Irandam Ulagaporin Kadaisi Gundu,3,32,https://en.wikipedia.org/wiki/Irandam_Ulagaporin_Kadaisi_Gundu,2019,Athiyan Athirai,Neelam Productions,137 minutes, Pa. Ranjith, Athiyan Athirai,0,0," Dinesh
Anandhi", Tenma, Kishore Kumar, Selva RK,0,06-Dec-19,6,0
177,Iruttu,4,6,https://en.wikipedia.org/wiki/Iruttu,2019,V. Z. Durai,Screen Scene Media Entertainment,133 minutes," Sundar Arumugam, Parthasarathi Gokulyadav","
V. Z. Durai
Indra Soundar Rajan (dialogues)", V. Z. Durai,0," Sundar C.
Sakshi Choudhary
Dhansika
VTV Ganesh", Girishh G., E. Krishnasamy, R. Sudharsan,0,06-Dec-19,6,0
178,Jada,1,4,https://en.wikipedia.org/wiki/Jada_(2019_film),2019,Kumaran,The Poet Studios,132 minutes, Vignesh Rajagopal,0,0,0," Kathir
Roshini Prakash", Sam C. S, A.R. Soorya, Richard Kevin A,0,06-Dec-19,6,0
179,50 Roova,1,8,,2019,G. Panneerselvam,Ansari Media,,,,,,,,,,,,7,
180,Capmaari,2,8,https://en.wikipedia.org/wiki/Capmaari,2019,S. A. Chandrasekhar,Green Signal,133 minutes,0, S. A. Chandrasekhar,0,0," Jai
Athulya Ravi
Vaibhavi Shandilya", Siddharth Vipin, M. Jeevan, Prasanna GK,0,13-Dec-19,6,0
181,Champion,1,8,https://en.wikipedia.org/wiki/Champion_(2019_film),2019,Suseenthiran,Kalanjiyam Cine Arts,107 minutes, Raghavi, Suseenthiran, Suseenthiran,0," Vishwa
Mirnalini Ravi
Narain
Manoj Bharathiraja", Arrol Corelli, Sujith Sarang, Thiyagu,0,13-Dec-19,6,0
182,Chennai 2 Bangkok,1,17,https://en.wikipedia.org/wiki/Chennai_2_Bangkok,2019,Sathish Santhosh,Jai Balaji Movie Makers,134 minutes," Sheik Mohammed
Shahjahan K
Ananth K", Sathish Santhosh (Dialogues), Aishwarya Sathish, Aishwarya Sathish,"
Jai Akash
Sony Charishta"," U. K. Murali (Songs)
Score:
Akshay Jey
Divakar", Devaraj," Prem
S Durgash",0,13-Dec-19,6,0
183,Kaalidas,3,8,https://en.wikipedia.org/wiki/Kaalidas,2019,Sri Senthil,Incredible Productions,126 minutes," V. Bhargavi
M. S. Sivanesan
Mani Dinakaran", Sri Senthil,0,0," Bharath
Ann Sheetal", Vishal Chandrasekhar, Suresh Bala, Bhuvan Srinivasan," PKM.S.Abishek Eashwaran

Blue Whale Entertainments",13-Dec-19,6,0
184,Karuthukalai Pathivu Sei,1,24,https://en.wikipedia.org/wiki/Karuthukalai_Pathivu_Sei,2019,Rahul Paramahamsa,RPM Cinemas,101 minutes,0,0,0,0," SSR Aryan
Upasana RC", Ganesh Raghavendra, Manohar, Ganesh Kumar,0,13-Dec-19,6,0
185,Manguni Pandiyargal,3,19,,2019,Jebaa,Golden Crow Films,,,,,,,,,,,,7,
186,Marina Puratchi,2,15,https://en.wikipedia.org/wiki/Marina_Puratchi,2019,M. S. Raj,J Studios,0, Jesu Sundarraman,0,0,0," Naveen Kumar
Shruti Reddy", Al Rufian, R. Velraj, Deepak,0,13-Dec-19,6,0
187,Thirupathi Samy Kudumbam,2,24,,2019,Suresh Shanmugam,JJ Good Films,,,,,,,,,,,,7,
188,RK Nagar,3,8,https://en.wikipedia.org/wiki/RK_Nagar_(film),2019,Saravana Rajan,Black Ticket Company,132 minutes," Badri Kasthuri
V. Rajalakshmi",0,0,0," Vaibhav
Sana Althaf
Anjena Kirti
Sampath Raj", Premgi Amaren, Venkatesh S, Praveen K. L.,0,17-Dec-19,3,0
189,Hero,2,4,https://en.wikipedia.org/wiki/Hero_(2019_Tamil_film),2019,P. S. Mithran,KJR Studios,164 minutes,"
Kotapadi J. Rajesh
T. Ezhumalaiyan","
P. S. Mithran
Pon Parthiban
Savari Muthu
Antony Bhagyaraj",0,0,"
Sivakarthikeyan
Arjun
Abhay Deol
Kalyani Priyadarshan
Ivana", Yuvan Shankar Raja, George C. Williams, Ruben,0,20-Dec-19,6,0
190,Khyla,1,5,,2019,Baskar Sinouvassane,Budobas International Films,,,,,,,,,,,,7,
191,Paramu,1,6,,2019,Manick Jai,Batrinath Lingeshwar Production,,,,,,,,,,,,7,
192,Thambi,1,6,https://en.wikipedia.org/wiki/Thambi_(2019_film),2019,Jeethu Joseph,Viacom 18,151 minutes," Viacom 18 Motion Pictures
Suraj Sadanah",0," Rensil D'Silva
Sameer Arora
Jeethu Joseph
K. Manikandan"," Rensil D'Silva
Sameer Arora"," Karthi
Jyothika
Sathyaraj
Nikhila Vimal", Govind Vasantha, R. D. Rajasekhar, V. S. Vinayak, Viacom 18 Motion Pictures,20-Dec-19,6,0
193,Virudhu,1,7,,2019,ADA Adhavan,AD Adi Photos,,,,,,,,,,,,7,
194,50/50,1,5,https://en.wikipedia.org/wiki/50/50_(2019_film),2019,Krishna Sai,Lipi Cine Crafts,0, V.N. Ranjith Kumar,0,0, Alexander," Sethu
Shruthi Ramakrishnan
Bavithra
Shreya Gupta", Dharan Kumar, R K Prathap, Raja Sethupathi, LIPI Cine Crafts,27-Dec-19,6,0
195,Naan Avalai Sandhitha Pothu,1,27,https://en.wikipedia.org/wiki/Naan_Avalai_Sandhitha_Pothu,2019,L. G. Ravichander,Cinema Platform,0, V. T. Rethishkumar,0,0,0," Santhosh Prathap
Chandini Tamilarasan", Jithesh Murugavel,0,0,0,27-Dec-19,6,0
196,Pancharaaksharam,4,16,https://en.wikipedia.org/wiki/Pancharaaksharam,2019,Balaji Vairamuthu,Paradox Productions,122 minutes, Vairamuthu, Balaji Vairamuthu,0,0," Santhosh Prathap
Madhu Shalini
Sana Althaf
Gokul Anand
Ashwin Jerome", K. S. Sundaramurthy, Yuva, Anand Geraldin,0,27-Dec-19,6,0
197,Sillu Karupatti,1,15,https://en.wikipedia.org/wiki/Sillu_Karupatti,2019,Halitha Shameem,Divine Productions,138 minutes," Venkatesh Velineni
Suriya (presenter)", Halitha Shameem,0,0,"
Samuthirakani
Sunainaa
Manikandan K
Nivedhithaa Sathish
Kravmaga Sreeram
Leela Samson
Sara Arjun
Rahul", Pradeep Kumar," Abinandhan Ramanujam
Manoj Paramahamsa
Vijay Kartik Kannan
Yamini Yagnamurthy", Halitha Shameem, 2D Entertainment,27-Dec-19,6,0
198,Udhay,2,5,,2019,Tamil Selvan,Archers Production,,,,,,,,,,,,7,
199,V1,1,2,https://en.wikipedia.org/wiki/V1_(film),2019,Pavel Navageethan,Positive Print Studios,114 minutes," Arvind Dharmaraj
N A Ramu
Sarvanan Ponraj",0,0,0," Ram Arun Castro
Vishnupriya Pillai", Ronnie Raphel, Krishnasekar T.S, C.S. Prem Kumar, Positive Print Studios,27-Dec-19,6,0
